{
    "name": "root",
    "gauges": {
        "CubeAgent.Policy.Entropy.mean": {
            "value": 1.2243965864181519,
            "min": 1.211233139038086,
            "max": 1.443367600440979,
            "count": 82
        },
        "CubeAgent.Policy.Entropy.sum": {
            "value": 2546.744873046875,
            "min": 2132.4404296875,
            "max": 3629.4970703125,
            "count": 82
        },
        "CubeAgent.Environment.EpisodeLength.mean": {
            "value": 35.333333333333336,
            "min": 26.46969696969697,
            "max": 313.8888888888889,
            "count": 82
        },
        "CubeAgent.Environment.EpisodeLength.sum": {
            "value": 2014.0,
            "min": 609.0,
            "max": 3317.0,
            "count": 82
        },
        "CubeAgent.Step.mean": {
            "value": 163949.0,
            "min": 1964.0,
            "max": 163949.0,
            "count": 82
        },
        "CubeAgent.Step.sum": {
            "value": 163949.0,
            "min": 1964.0,
            "max": 163949.0,
            "count": 82
        },
        "CubeAgent.Policy.ExtrinsicValueEstimate.mean": {
            "value": 0.4374450147151947,
            "min": -0.18374724686145782,
            "max": 0.5263262391090393,
            "count": 82
        },
        "CubeAgent.Policy.ExtrinsicValueEstimate.sum": {
            "value": 29.30881690979004,
            "min": -6.798648357391357,
            "max": 40.527122497558594,
            "count": 82
        },
        "CubeAgent.Environment.CumulativeReward.mean": {
            "value": 0.8448275862068966,
            "min": 0.025,
            "max": 0.9204545454545454,
            "count": 82
        },
        "CubeAgent.Environment.CumulativeReward.sum": {
            "value": 49.0,
            "min": 0.5,
            "max": 64.5,
            "count": 82
        },
        "CubeAgent.Policy.ExtrinsicReward.mean": {
            "value": 0.8448275862068966,
            "min": 0.025,
            "max": 0.9204545454545454,
            "count": 82
        },
        "CubeAgent.Policy.ExtrinsicReward.sum": {
            "value": 49.0,
            "min": 0.5,
            "max": 64.5,
            "count": 82
        },
        "CubeAgent.Losses.PolicyLoss.mean": {
            "value": 0.23166068610338586,
            "min": 0.22263218316318614,
            "max": 0.27705135397775377,
            "count": 82
        },
        "CubeAgent.Losses.PolicyLoss.sum": {
            "value": 3.9382316637575596,
            "min": 1.108205415911015,
            "max": 4.473148583345287,
            "count": 82
        },
        "CubeAgent.Losses.ValueLoss.mean": {
            "value": 0.03456565432453797,
            "min": 0.003949550874801965,
            "max": 0.040275106781492986,
            "count": 82
        },
        "CubeAgent.Losses.ValueLoss.sum": {
            "value": 0.5876161235171454,
            "min": 0.02998349555989195,
            "max": 0.6631107151488838,
            "count": 82
        },
        "CubeAgent.Policy.LearningRate.mean": {
            "value": 0.00017774690839810294,
            "min": 0.00017774690839810294,
            "max": 0.00029899706283431247,
            "count": 82
        },
        "CubeAgent.Policy.LearningRate.sum": {
            "value": 0.00302169744276775,
            "min": 0.0011959882513372499,
            "max": 0.004596427567857499,
            "count": 82
        },
        "CubeAgent.Policy.Epsilon.mean": {
            "value": 0.15924895588235297,
            "min": 0.15924895588235297,
            "max": 0.1996656875,
            "count": 82
        },
        "CubeAgent.Policy.Epsilon.sum": {
            "value": 2.7072322500000006,
            "min": 0.79866275,
            "max": 3.1321425,
            "count": 82
        },
        "CubeAgent.Policy.Beta.mean": {
            "value": 0.0005,
            "min": 0.0005,
            "max": 0.0005000000000000002,
            "count": 82
        },
        "CubeAgent.Policy.Beta.sum": {
            "value": 0.0085,
            "min": 0.002,
            "max": 0.0085,
            "count": 82
        },
        "CubeAgent.IsTraining.mean": {
            "value": 1.0,
            "min": 1.0,
            "max": 1.0,
            "count": 82
        },
        "CubeAgent.IsTraining.sum": {
            "value": 1.0,
            "min": 1.0,
            "max": 1.0,
            "count": 82
        }
    },
    "metadata": {
        "timer_format_version": "0.1.0",
        "start_time_seconds": "1680176959",
        "python_version": "3.9.13 (main, Aug 25 2022, 23:51:50) [MSC v.1916 64 bit (AMD64)]",
        "command_line_arguments": "C:\\Users\\plady\\anaconda3\\Scripts\\mlagents-learn config/CubeAgent.yaml --run-id=CubeAgent --force",
        "mlagents_version": "0.30.0",
        "mlagents_envs_version": "0.30.0",
        "communication_protocol_version": "1.5.0",
        "pytorch_version": "1.7.1+cu110",
        "numpy_version": "1.21.2",
        "end_time_seconds": "1680178247"
    },
    "total": 1288.0272319,
    "count": 1,
    "self": 0.010142099999939092,
    "children": {
        "run_training.setup": {
            "total": 0.47409880000000015,
            "count": 1,
            "self": 0.47409880000000015
        },
        "TrainerController.start_learning": {
            "total": 1287.542991,
            "count": 1,
            "self": 0.3399858000018412,
            "children": {
                "TrainerController._reset_env": {
                    "total": 14.128182500000001,
                    "count": 1,
                    "self": 14.128182500000001
                },
                "TrainerController.advance": {
                    "total": 1272.859153699998,
                    "count": 10786,
                    "self": 0.32904900000607995,
                    "children": {
                        "env_step": {
                            "total": 414.569103499993,
                            "count": 10786,
                            "self": 370.2286189999878,
                            "children": {
                                "SubprocessEnvManager._take_step": {
                                    "total": 44.14908239999626,
                                    "count": 10787,
                                    "self": 0.9097053999904432,
                                    "children": {
                                        "TorchPolicy.evaluate": {
                                            "total": 43.23937700000582,
                                            "count": 8351,
                                            "self": 43.23937700000582
                                        }
                                    }
                                },
                                "workers": {
                                    "total": 0.19140210000891145,
                                    "count": 10785,
                                    "self": 0.0,
                                    "children": {
                                        "worker_root": {
                                            "total": 1172.7255343000058,
                                            "count": 10785,
                                            "is_parallel": true,
                                            "self": 924.5136023000072,
                                            "children": {
                                                "steps_from_proto": {
                                                    "total": 0.0024548000000024217,
                                                    "count": 2,
                                                    "is_parallel": true,
                                                    "self": 0.0009647999999877754,