{
    "name": "root",
    "gauges": {
        "CubeAgent.Policy.Entropy.mean": {
            "value": 1.2778618335723877,
            "min": 1.2676974534988403,
            "max": 1.3738203048706055,
            "count": 65
        },
        "CubeAgent.Policy.Entropy.sum": {
            "value": 2678.3984375,
            "min": 2366.04638671875,
            "max": 3121.31982421875,
            "count": 65
        },
        "CubeAgent.Environment.EpisodeLength.mean": {
            "value": 12.57516339869281,
            "min": 12.57516339869281,
            "max": 25.383561643835616,
            "count": 65
        },
        "CubeAgent.Environment.EpisodeLength.sum": {
            "value": 1924.0,
            "min": 1656.0,
            "max": 2159.0,
            "count": 65
        },
        "CubeAgent.Step.mean": {
            "value": 229989.0,
            "min": 101991.0,
            "max": 229989.0,
            "count": 65
        },
        "CubeAgent.Step.sum": {
            "value": 229989.0,
            "min": 101991.0,
            "max": 229989.0,
            "count": 65
        },
        "CubeAgent.Policy.ExtrinsicValueEstimate.mean": {
            "value": 0.8382537364959717,
            "min": 0.6545775532722473,
            "max": 0.8539873957633972,
            "count": 65
        },
        "CubeAgent.Policy.ExtrinsicValueEstimate.sum": {
            "value": 129.09107971191406,
            "min": 60.38852310180664,
            "max": 129.09107971191406,
            "count": 65
        },
        "CubeAgent.Environment.CumulativeReward.mean": {
            "value": 0.954248366013072,
            "min": 0.8297872340425532,
            "max": 0.9745762711864406,
            "count": 65
        },
        "CubeAgent.Environment.CumulativeReward.sum": {
            "value": 146.0,
            "min": 68.0,
            "max": 146.0,
            "count": 65
        },
        "CubeAgent.Policy.ExtrinsicReward.mean": {
            "value": 0.954248366013072,
            "min": 0.8297872340425532,
            "max": 0.9745762711864406,
            "count": 65
        },
        "CubeAgent.Policy.ExtrinsicReward.sum": {
            "value": 146.0,
            "min": 68.0,
            "max": 146.0,
            "count": 65
        },
        "CubeAgent.Losses.PolicyLoss.mean": {
            "value": 0.25148447427542675,
            "min": 0.22243088076265422,
            "max": 0.2675090568121027,
            "count": 65
        },
        "CubeAgent.Losses.PolicyLoss.sum": {
            "value": 4.526720536957682,
            "min": 3.556418725894787,
            "max": 4.589009961982043,
            "count": 65
        },
        "CubeAgent.Losses.ValueLoss.mean": {
            "value": 0.050217059984081304,
            "min": 0.02831028377316551,
            "max": 0.09578189475610223,
            "count": 65
        },
        "CubeAgent.Losses.ValueLoss.sum": {
            "value": 0.9039070797134635,
            "min": 0.4812748241438137,
            "max": 1.6282922108537379,
            "count": 65
        },
        "CubeAgent.Policy.LearningRate.mean": {
            "value": 0.00012825601558134726,
            "min": 0.00012825601558134726,
            "max": 0.00022423308407917646,
            "count": 65
        },
        "CubeAgent.Policy.LearningRate.sum": {
            "value": 0.0023086082804642505,
            "min": 0.0019458376013877499,
            "max": 0.003847227517591,
            "count": 65
        },
        "CubeAgent.Policy.Epsilon.mean": {
            "value": 0.14275198611111115,
            "min": 0.14275198611111115,
            "max": 0.17474435294117646,
            "count": 65
        },
        "CubeAgent.Policy.Epsilon.sum": {
            "value": 2.5695357500000005,
            "min": 2.1486122500000002,
            "max": 3.082409,
            "count": 65
        },
        "CubeAgent.Policy.Beta.mean": {
            "value": 0.0005,
            "min": 0.0005,
            "max": 0.0005000000000000002,
            "count": 65
        },
        "CubeAgent.Policy.Beta.sum": {
            "value": 0.009000000000000001,
            "min": 0.007500000000000003,
            "max": 0.009000000000000001,
            "count": 65
        },
        "CubeAgent.IsTraining.mean": {
            "value": 1.0,
            "min": 1.0,
            "max": 1.0,
            "count": 65
        },
        "CubeAgent.IsTraining.sum": {
            "value": 1.0,
            "min": 1.0,
            "max": 1.0,
            "count": 65
        }
    },
    "metadata": {
        "timer_format_version": "0.1.0",
        "start_time_seconds": "1679389220",
        "python_version": "3.9.13 (main, Aug 25 2022, 23:51:50) [MSC v.1916 64 bit (AMD64)]",
        "command_line_arguments": "C:\\Users\\plady\\anaconda3\\Scripts\\mlagents-learn config/CubeAgent.yaml --run-id=CubeAgentRays --resume",
        "mlagents_version": "0.30.0",
        "mlagents_envs_version": "0.30.0",
        "communication_protocol_version": "1.5.0",
        "pytorch_version": "1.7.1+cu110",
        "numpy_version": "1.21.2",
        "end_time_seconds": "1679390409"
    },
    "total": 1188.6567670999998,
    "count": 1,
    "self": 0.010802199999716322,
    "children": {
        "run_training.setup": {
            "total": 0.41708239999999996,
            "count": 1,
            "self": 0.41708239999999996
        },
        "TrainerController.start_learning": {
            "total": 1188.2288825,
            "count": 1,
            "self": 0.552206599997362,
            "children": {
                "TrainerController._reset_env": {
                    "total": 14.244564700000002,
                    "count": 1,
                    "self": 14.244564700000002
                },
                "TrainerController.advance": {
                    "total": 1173.1882914000028,
                    "count": 14233,
                    "self": 0.5247521999981473,
                    "children": {
                        "env_step": {
                            "total": 325.95441080001046,
                            "count": 14233,
                            "self": 273.3151470000031,
                            "children": {
                                "SubprocessEnvManager._take_step": {
                                    "total": 52.337473500001835,
                                    "count": 14233,
                                    "self": 1.0364248999977832,
                                    "children": {
                                        "TorchPolicy.evaluate": {
                                            "total": 51.30104860000405,
                                            "count": 8182,
                                            "self": 51.30104860000405
                                        }
                                    }
                                },
                                "workers": {
                                    "total": 0.30179030000556395,
                                    "count": 14232,
                                    "self": 0.0,
                                    "children": {
                                        "worker_root": {
                                            "total": 1150.7659268999855,
                                            "count": 14232,
                                            "is_parallel": true,
                                            "self": 929.320292899982,
                                            "children": {
                                                "steps_from_proto": {
                                                    "total": 0.001165099999999697,
                                                    "count": 1,
                                                    "is_parallel": true,
                                                    "self": 0.0004717000000002969,